Timestamp,Protocol,Source,Dest,Length,DstPort,SrcPort
0.010265532208746183,UDP,192.168.1.10,8.8.8.209,64,80,45867
0.01065575683100388,UDP,192.168.1.20,8.8.8.37,512,3478,26808
0.037221890337486595,HTTP,192.168.1.41,8.8.8.246,64,8080,65395
0.056171939418970224,TCP,192.168.1.156,8.8.8.4,64,5222,20597
0.056360929819821014,TCP,192.168.1.37,8.8.8.183,128,22,34625
0.06201844707668654,UDP,192.168.1.179,8.8.8.57,256,53,26088
0.07165494494232444,HTTP,192.168.1.195,8.8.8.137,128,80,53548
0.09111607324228123,HTTP,192.168.1.85,8.8.8.133,64,53,65238
0.0915760762552264,TCP,192.168.1.118,8.8.8.69,512,8080,14664
0.09860172646939254,UDP,192.168.1.203,8.8.8.177,64,443,25704
0.10670161607788028,UDP,192.168.1.154,8.8.8.41,64,3478,52827
0.12437120751615054,UDP,192.168.1.73,8.8.8.226,256,8080,14173
0.12793471143357374,TCP,192.168.1.76,8.8.8.66,256,443,62375
0.12976737057080306,TCP,192.168.1.23,8.8.8.41,64,3478,46557
0.13786882694520308,UDP,192.168.1.231,8.8.8.40,1024,53,47290
0.13913687718010345,UDP,192.168.1.133,8.8.8.104,256,3478,57839
0.14126890501216238,DNS,192.168.1.169,8.8.8.93,1024,80,11374
0.14257558487082947,TCP,192.168.1.23,8.8.8.14,512,80,51418
0.14622536858420773,TCP,192.168.1.249,8.8.8.21,64,22,52429
0.15320853328665823,HTTP,192.168.1.148,8.8.8.223,256,5222,45358
0.15802498078843205,TCP,192.168.1.41,8.8.8.161,128,53,32235
0.1820888121330384,TCP,192.168.1.215,8.8.8.230,512,5222,31738
0.18360163626357318,HTTP,192.168.1.110,8.8.8.53,64,53,44725
0.19272852363621054,TCP,192.168.1.220,8.8.8.37,1024,22,12144
0.19847982550358656,ICMP,192.168.1.239,8.8.8.219,64,80,45739
0.20182425467451462,TCP,192.168.1.168,8.8.8.26,512,3478,30069
0.20733468239218544,TCP,192.168.1.12,8.8.8.253,256,53,33113
0.22098977161071207,TCP,192.168.1.93,8.8.8.65,128,8080,3523
0.22429570669051632,UDP,192.168.1.87,8.8.8.163,512,8080,36105
0.229603138643577,HTTP,192.168.1.233,8.8.8.91,64,8080,45549
0.24811583981944565,TCP,192.168.1.134,8.8.8.20,128,3478,9970
0.24829102172585008,ICMP,192.168.1.206,8.8.8.62,64,5222,18040
0.26304949318883436,DNS,192.168.1.198,8.8.8.70,128,22,16735
0.26533894657439494,UDP,192.168.1.215,8.8.8.233,64,53,15909
0.2780916752923616,UDP,192.168.1.97,8.8.8.68,512,8080,18531
0.2858512888338412,UDP,192.168.1.135,8.8.8.78,64,443,21453
0.289350523785625,ICMP,192.168.1.5,8.8.8.175,512,80,37173
0.29644763319112655,TCP,192.168.1.126,8.8.8.15,256,8080,50303
0.3056755768199093,TCP,192.168.1.161,8.8.8.218,64,443,7259
0.30781383885438446,HTTP,192.168.1.182,8.8.8.116,64,80,20720
0.3153316556968372,DNS,192.168.1.227,8.8.8.226,256,443,3973
0.3171721163175756,TCP,192.168.1.128,8.8.8.121,64,8080,33740
0.31753941294052485,UDP,192.168.1.179,8.8.8.204,64,22,29140
0.3200749475307508,HTTP,192.168.1.217,8.8.8.148,512,5222,25144
0.3379331413221817,TCP,192.168.1.93,8.8.8.254,256,22,27748
0.3438320092188494,TCP,192.168.1.118,8.8.8.115,1500,5222,43807
0.3447009238735251,UDP,192.168.1.63,8.8.8.186,512,8080,13582
0.34845339743808273,TCP,192.168.1.165,8.8.8.225,128,80,60445
0.3526459903269107,DNS,192.168.1.15,8.8.8.45,1024,80,59792
0.3556882774609432,UDP,192.168.1.178,8.8.8.175,1024,80,31749
0.37580610234763007,ICMP,192.168.1.30,8.8.8.19,512,5222,51833
0.38003935611283973,UDP,192.168.1.240,8.8.8.117,128,5222,39373
0.39678325072135245,HTTP,192.168.1.31,8.8.8.143,1024,80,39393
0.4140066006017804,TCP,192.168.1.150,8.8.8.175,64,5222,1788
0.4264855843233118,HTTP,192.168.1.31,8.8.8.218,256,80,29787
0.44009941406592173,TCP,192.168.1.248,8.8.8.135,1024,53,27722
0.4577354447463431,UDP,192.168.1.208,8.8.8.94,64,443,21499
0.4604761662150572,TCP,192.168.1.37,8.8.8.232,512,22,11058
0.46903528071645545,UDP,192.168.1.208,8.8.8.230,64,8080,9420
0.4724653161416833,ICMP,192.168.1.207,8.8.8.102,256,443,26848
0.47513315864407846,UDP,192.168.1.212,8.8.8.206,128,8080,52394
0.5305640596714967,HTTP,192.168.1.193,8.8.8.20,1024,22,51203
0.5388250280878284,HTTP,192.168.1.185,8.8.8.160,512,443,42588
0.5504467697484688,UDP,192.168.1.154,8.8.8.20,256,8080,26876
0.5698304649954826,TCP,192.168.1.43,8.8.8.78,256,80,59385
0.5914010081887197,TCP,192.168.1.44,8.8.8.117,64,5222,11011
0.599755986605066,HTTP,192.168.1.77,8.8.8.178,512,53,58847
0.6288994907118881,TCP,192.168.1.150,8.8.8.50,512,3478,34498
0.6486520136045331,TCP,192.168.1.232,8.8.8.111,64,8080,52653
0.6657799937916004,TCP,192.168.1.152,8.8.8.111,1024,22,62845
0.6750236487704165,ICMP,192.168.1.55,8.8.8.84,64,3478,33821
0.6766500863691057,UDP,192.168.1.125,8.8.8.176,64,5222,20571
0.6768638828991771,ICMP,192.168.1.193,8.8.8.126,512,443,28181
0.7024567746386651,UDP,192.168.1.146,8.8.8.180,1500,80,14862
0.7056448965556187,TCP,192.168.1.217,8.8.8.36,256,53,43152
0.7327785583519876,HTTP,192.168.1.16,8.8.8.230,1024,5222,16471
0.735366049647884,HTTP,192.168.1.136,8.8.8.123,128,22,8968
0.7445592928492555,UDP,192.168.1.61,8.8.8.65,64,443,63997
0.7458099330775506,TCP,192.168.1.125,8.8.8.230,128,53,43803
0.7668481882625644,TCP,192.168.1.225,8.8.8.121,64,22,37661
0.7762972849858993,UDP,192.168.1.69,8.8.8.21,128,80,12005
0.8055279324284961,UDP,192.168.1.226,8.8.8.104,64,80,28618
0.8069935222275312,TCP,192.168.1.208,8.8.8.57,128,80,12153
0.8107597215902914,UDP,192.168.1.168,8.8.8.245,128,22,40377
0.8130470348484873,UDP,192.168.1.3,8.8.8.51,128,22,51373
0.8176586118004946,TCP,192.168.1.178,8.8.8.56,512,8080,55984
0.8399761846079256,ICMP,192.168.1.213,8.8.8.20,64,443,28418
0.842979369994671,TCP,192.168.1.118,8.8.8.42,512,22,39030
0.8639511783034566,UDP,192.168.1.151,8.8.8.120,256,5222,38807
0.8641263930774234,UDP,192.168.1.15,8.8.8.10,64,8080,40308
0.8667122207834339,TCP,192.168.1.32,8.8.8.252,1500,5222,23269
0.877463366341936,UDP,192.168.1.14,8.8.8.9,1024,8080,2379
0.8897527092557325,HTTP,192.168.1.250,8.8.8.230,1024,53,48021
0.8944650603030128,UDP,192.168.1.59,8.8.8.3,64,53,18754
0.912136318957209,UDP,192.168.1.42,8.8.8.32,64,5222,30349
0.917676627544769,UDP,192.168.1.21,8.8.8.42,256,3478,50649
0.9226943809022897,TCP,192.168.1.201,8.8.8.112,512,3478,33507
0.9290127268276265,ICMP,192.168.1.35,8.8.8.22,256,22,59051
0.9430253887107399,UDP,192.168.1.71,8.8.8.15,512,3478,48438
0.9804255166621012,HTTP,192.168.1.43,8.8.8.42,1500,53,14521
0.9892625329981484,DNS,192.168.1.212,8.8.8.108,512,22,42287
0.9987184039883447,HTTP,192.168.1.23,8.8.8.161,256,3478,60928
1.019937119426871,HTTP,192.168.1.72,8.8.8.16,64,53,37294
1.0238297082513785,TCP,192.168.1.139,8.8.8.173,1024,5222,15353
1.0260149261898759,ICMP,192.168.1.245,8.8.8.244,1024,22,29083
1.0282256013342623,UDP,192.168.1.19,8.8.8.58,64,53,17030
1.0306705907321372,ICMP,192.168.1.64,8.8.8.26,512,22,8370
1.0368162170170518,TCP,192.168.1.4,8.8.8.33,64,443,54138
1.0379240705949657,UDP,192.168.1.21,8.8.8.91,512,5222,29935
1.0527854473485125,UDP,192.168.1.83,8.8.8.5,128,22,28134
1.069179029347743,TCP,192.168.1.14,8.8.8.157,128,443,31003
1.0794354258619472,HTTP,192.168.1.148,8.8.8.186,512,5222,34163
1.117675297942263,TCP,192.168.1.200,8.8.8.153,64,8080,45525
1.1195784956487502,UDP,192.168.1.235,8.8.8.118,512,443,11301
1.1218689235041384,ICMP,192.168.1.39,8.8.8.63,256,22,43818
1.1328789363482406,TCP,192.168.1.35,8.8.8.106,64,53,48750
1.1367000569647558,TCP,192.168.1.34,8.8.8.61,512,8080,51940
1.1413358787256944,ICMP,192.168.1.116,8.8.8.190,1500,443,1840
1.1426579719666676,UDP,192.168.1.22,8.8.8.28,1024,3478,50306
1.1644140729074683,UDP,192.168.1.61,8.8.8.80,1024,8080,58456
1.1736816250977546,TCP,192.168.1.233,8.8.8.46,64,5222,8723
1.189619912069351,TCP,192.168.1.157,8.8.8.62,128,53,19478
1.1983024594575795,TCP,192.168.1.33,8.8.8.110,64,53,33066
1.208731112518638,TCP,192.168.1.157,8.8.8.239,256,8080,1920
1.243131966909405,TCP,192.168.1.168,8.8.8.198,256,53,63389
1.2442113734474514,HTTP,192.168.1.139,8.8.8.245,256,80,19188
1.2470723119024105,ICMP,192.168.1.37,8.8.8.182,512,80,18767
1.2493213102763037,TCP,192.168.1.220,8.8.8.1,128,8080,9070
1.255444424315158,TCP,192.168.1.164,8.8.8.182,512,22,7844
1.2702171918503087,TCP,192.168.1.226,8.8.8.234,64,443,56340
1.2759975643228394,HTTP,192.168.1.9,8.8.8.103,64,22,58184
1.2818839981244994,UDP,192.168.1.254,8.8.8.166,512,443,28118
1.2870002559624316,ICMP,192.168.1.96,8.8.8.92,512,5222,6344
1.2952897443077327,UDP,192.168.1.201,8.8.8.117,256,443,53336
1.310234781565225,TCP,192.168.1.210,8.8.8.48,128,3478,58731
1.3109740232750025,HTTP,192.168.1.192,8.8.8.75,1024,22,38141
1.31844495564876,UDP,192.168.1.168,8.8.8.213,256,53,5653
1.3323306684112652,TCP,192.168.1.125,8.8.8.74,128,3478,48164
1.3505117675026141,TCP,192.168.1.200,8.8.8.130,128,443,19794
1.3802510231985292,TCP,192.168.1.200,8.8.8.236,512,443,38695
1.3854521680340615,TCP,192.168.1.156,8.8.8.110,128,80,52986
1.3985915696193751,UDP,192.168.1.170,8.8.8.246,64,22,2555
1.4099418354583075,ICMP,192.168.1.205,8.8.8.161,512,3478,64231
1.4110575607622864,UDP,192.168.1.48,8.8.8.73,512,443,42364
1.4137688702566469,HTTP,192.168.1.60,8.8.8.133,64,3478,40918
1.428053138716839,TCP,192.168.1.185,8.8.8.110,64,53,60837
1.4447198662505871,UDP,192.168.1.164,8.8.8.230,1024,53,45250
1.4562857345865192,HTTP,192.168.1.143,8.8.8.34,512,80,5291
1.467107975272536,HTTP,192.168.1.72,8.8.8.122,128,80,59311
1.5045878162625088,UDP,192.168.1.86,8.8.8.117,256,80,33151
1.5106653190533814,HTTP,192.168.1.193,8.8.8.102,256,443,23330
1.5197846008044775,HTTP,192.168.1.89,8.8.8.25,256,53,23424
1.527395726345038,HTTP,192.168.1.49,8.8.8.168,64,80,5818
1.5383041664876407,DNS,192.168.1.123,8.8.8.20,256,22,33086
1.5460656134234085,DNS,192.168.1.228,8.8.8.183,128,22,16131
1.554548337760411,UDP,192.168.1.181,8.8.8.78,512,8080,40939
1.5750594151399862,UDP,192.168.1.34,8.8.8.236,256,80,49486
1.5771248747803994,TCP,192.168.1.194,8.8.8.134,512,80,2026
1.5973332506249516,TCP,192.168.1.47,8.8.8.144,128,5222,57919
1.6044900347811388,UDP,192.168.1.171,8.8.8.254,64,53,10659
1.6093148101510282,UDP,192.168.1.4,8.8.8.46,128,22,6371
1.6237624491501763,TCP,192.168.1.179,8.8.8.135,64,5222,10441
1.629206936552903,TCP,192.168.1.128,8.8.8.141,256,443,10246
1.6389804938520185,HTTP,192.168.1.107,8.8.8.14,256,8080,60267
1.6418752564042491,TCP,192.168.1.196,8.8.8.68,128,53,2710
1.6452274967752507,TCP,192.168.1.216,8.8.8.17,512,5222,11011
1.67266170728731,TCP,192.168.1.35,8.8.8.247,1024,443,13919
1.7030736129349273,TCP,192.168.1.155,8.8.8.102,512,8080,7417
1.739847691073144,TCP,192.168.1.80,8.8.8.70,1024,80,33136
1.7455138698403032,TCP,192.168.1.104,8.8.8.133,128,22,23230
1.7677843384285075,UDP,192.168.1.93,8.8.8.150,128,53,33711
1.7681089979171967,UDP,192.168.1.142,8.8.8.184,512,5222,40855
1.7714065228230165,TCP,192.168.1.14,8.8.8.247,1500,443,20199
1.7728470948486799,DNS,192.168.1.190,8.8.8.199,64,5222,23382
1.7790130695576574,TCP,192.168.1.91,8.8.8.156,256,3478,37922
1.779989082217113,HTTP,192.168.1.134,8.8.8.100,64,53,33354
1.7801063762553666,HTTP,192.168.1.108,8.8.8.85,64,5222,43072
1.783251989445453,UDP,192.168.1.135,8.8.8.192,1024,53,27573
1.7848036218097911,HTTP,192.168.1.96,8.8.8.27,512,80,59644
1.7985551678293288,ICMP,192.168.1.31,8.8.8.185,512,3478,46587
1.803198065644225,UDP,192.168.1.33,8.8.8.175,128,443,49968
1.811412610657466,TCP,192.168.1.197,8.8.8.31,1500,3478,32917
1.8184700194861227,UDP,192.168.1.125,8.8.8.204,64,22,24068
1.8219834558630243,DNS,192.168.1.62,8.8.8.109,128,5222,58922
1.8412836354471844,UDP,192.168.1.183,8.8.8.113,64,80,13786
1.8446800325576893,UDP,192.168.1.246,8.8.8.38,64,8080,3272
1.8485632261690954,UDP,192.168.1.132,8.8.8.235,1024,443,45476
1.8591662729629146,UDP,192.168.1.213,8.8.8.23,512,5222,58323
1.8592180332317259,TCP,192.168.1.165,8.8.8.96,1024,3478,39243
1.8622942894292212,HTTP,192.168.1.251,8.8.8.160,256,443,40660
1.8790405032759865,UDP,192.168.1.196,8.8.8.132,64,53,41440
1.8807673818330735,UDP,192.168.1.253,8.8.8.188,512,22,57076
1.8942933797067947,TCP,192.168.1.18,8.8.8.36,128,443,13123
1.9142526139384874,HTTP,192.168.1.117,8.8.8.43,512,53,22310
1.9199999617022645,TCP,192.168.1.125,8.8.8.134,256,8080,50882
1.9456987224713063,TCP,192.168.1.160,8.8.8.46,512,80,54113
1.9461231998927948,TCP,192.168.1.7,8.8.8.199,128,80,62741
1.959276300956701,UDP,192.168.1.161,8.8.8.96,256,22,23482
1.960126998695838,HTTP,192.168.1.119,8.8.8.138,1024,3478,33781
1.966827535600303,HTTP,192.168.1.126,8.8.8.208,64,22,18222
2.002554908529952,UDP,192.168.1.20,8.8.8.127,512,53,60587
2.007863210566242,HTTP,192.168.1.213,8.8.8.123,128,53,18883
2.018546171580919,UDP,192.168.1.47,8.8.8.21,128,5222,35894
2.0202065671264515,HTTP,192.168.1.51,8.8.8.249,128,53,8493
2.0209963082664935,HTTP,192.168.1.88,8.8.8.141,512,5222,13940
2.036161758848676,TCP,192.168.1.101,8.8.8.122,1500,443,13431
2.0667032925419524,TCP,192.168.1.13,8.8.8.184,1024,80,61240
2.093434843041866,TCP,192.168.1.250,8.8.8.43,64,80,50980
2.094118560759549,HTTP,192.168.1.166,8.8.8.201,1024,8080,59789
2.102040471240236,TCP,192.168.1.216,8.8.8.242,128,3478,39895
2.124658929429076,HTTP,192.168.1.208,8.8.8.206,256,53,48152
2.1496019789171035,UDP,192.168.1.16,8.8.8.240,1500,443,34210
2.1517833943358,TCP,192.168.1.117,8.8.8.238,1024,8080,43909
2.188715934140409,DNS,192.168.1.113,8.8.8.8,1024,22,23848
2.1928229965657944,TCP,192.168.1.216,8.8.8.100,1024,5222,38619
2.2109058385511573,UDP,192.168.1.22,8.8.8.211,64,53,10881
2.2293345135780824,TCP,192.168.1.240,8.8.8.108,128,3478,34055
2.232579648982452,HTTP,192.168.1.166,8.8.8.160,512,22,56241
2.2421817278662086,UDP,192.168.1.164,8.8.8.210,512,3478,53322
2.2509815366289763,TCP,192.168.1.64,8.8.8.104,128,5222,42055
2.258924413160822,TCP,192.168.1.106,8.8.8.158,1500,5222,24448
2.265834787978698,UDP,192.168.1.84,8.8.8.197,1024,80,10852
2.268264812077063,UDP,192.168.1.51,8.8.8.204,256,80,45206
2.281555082013962,UDP,192.168.1.15,8.8.8.156,512,3478,53723
2.283564958077702,UDP,192.168.1.230,8.8.8.143,64,22,51548
2.305016302032798,UDP,192.168.1.139,8.8.8.108,64,3478,42049
2.317602231637435,TCP,192.168.1.76,8.8.8.189,512,8080,52641
2.3365482704871248,UDP,192.168.1.30,8.8.8.114,64,5222,14466
2.341759121371603,HTTP,192.168.1.148,8.8.8.225,64,3478,55614
2.354239389505291,TCP,192.168.1.78,8.8.8.19,128,5222,21120
2.354480941543614,UDP,192.168.1.186,8.8.8.44,1500,8080,23095
2.3592939153253925,TCP,192.168.1.149,8.8.8.153,128,80,5546
2.3676806303443056,HTTP,192.168.1.83,8.8.8.242,64,5222,42383
2.372446203464442,UDP,192.168.1.106,8.8.8.87,512,80,57369
2.3762026205443947,UDP,192.168.1.88,8.8.8.181,64,3478,52336
2.3797562851836793,TCP,192.168.1.53,8.8.8.73,256,5222,58017
2.3852444598765694,TCP,192.168.1.34,8.8.8.161,256,443,24401
2.398372037580708,UDP,192.168.1.192,8.8.8.27,128,80,34945
2.4035202175249535,DNS,192.168.1.39,8.8.8.79,128,5222,42171
2.4147738940198495,TCP,192.168.1.160,8.8.8.189,512,22,30749
2.4173276294394954,TCP,192.168.1.168,8.8.8.189,1024,53,24535
2.4216606456484833,TCP,192.168.1.84,8.8.8.101,64,80,13969
2.457838104299791,TCP,192.168.1.32,8.8.8.148,256,22,63516
2.4759280666045433,TCP,192.168.1.236,8.8.8.8,128,80,60232
2.485534682006313,DNS,192.168.1.69,8.8.8.145,256,5222,1611
2.486161612435099,HTTP,192.168.1.36,8.8.8.229,256,443,63449
2.5193672279047106,ICMP,192.168.1.54,8.8.8.202,512,53,18056
2.525886869693079,HTTP,192.168.1.209,8.8.8.156,128,53,8953
2.5697046466729883,TCP,192.168.1.44,8.8.8.32,512,53,18614
2.57005714042047,TCP,192.168.1.181,8.8.8.5,64,8080,55117
2.6028463626477123,TCP,192.168.1.175,8.8.8.39,512,53,55494
2.609333619340422,UDP,192.168.1.127,8.8.8.225,1024,80,12276
2.610026182198418,HTTP,192.168.1.241,8.8.8.94,128,5222,45020
2.6120853942773365,ICMP,192.168.1.3,8.8.8.49,1024,53,13158
2.6209720887082764,UDP,192.168.1.242,8.8.8.46,64,5222,44239
2.6574748411099165,UDP,192.168.1.144,8.8.8.33,1500,5222,10282
2.6600007419360447,HTTP,192.168.1.73,8.8.8.209,1500,443,2356
2.6620127341778734,ICMP,192.168.1.43,8.8.8.150,1024,8080,11401
2.663081109949896,TCP,192.168.1.8,8.8.8.203,64,443,60593
2.6814792943224273,HTTP,192.168.1.219,8.8.8.249,512,53,15626
2.683014539226866,UDP,192.168.1.252,8.8.8.114,64,443,2214
2.687532808710254,ICMP,192.168.1.94,8.8.8.8,256,443,5359
2.694803965290681,ICMP,192.168.1.72,8.8.8.177,512,22,2743
2.70491864806304,UDP,192.168.1.91,8.8.8.249,128,80,36714
2.706427155300178,ICMP,192.168.1.70,8.8.8.146,1024,5222,10365
2.738348199005433,HTTP,192.168.1.12,8.8.8.212,512,22,3656
2.745922264811338,TCP,192.168.1.151,8.8.8.222,512,3478,35603
2.7479963032874215,UDP,192.168.1.92,8.8.8.163,1024,443,63394
2.750578383408982,HTTP,192.168.1.16,8.8.8.47,256,8080,57600
2.7610495367687924,UDP,192.168.1.239,8.8.8.73,256,3478,47891
2.7639894968895704,HTTP,192.168.1.24,8.8.8.132,128,8080,16421
2.765589011855402,HTTP,192.168.1.149,8.8.8.74,512,8080,33919
2.7711507445197436,DNS,192.168.1.103,8.8.8.9,128,3478,23386
2.796769587361621,UDP,192.168.1.247,8.8.8.250,512,22,10311
2.8078185195246395,TCP,192.168.1.164,8.8.8.207,512,80,62280
2.833846669494019,UDP,192.168.1.78,8.8.8.199,256,443,43059
2.836711557652679,HTTP,192.168.1.134,8.8.8.217,512,3478,57891
2.8401082428354094,ICMP,192.168.1.80,8.8.8.181,512,80,47044
2.8534607385352775,HTTP,192.168.1.179,8.8.8.23,128,53,19110
2.877326556836559,TCP,192.168.1.115,8.8.8.39,256,80,9866
2.8809595971556243,TCP,192.168.1.64,8.8.8.246,1500,22,47893
2.8826455962657658,UDP,192.168.1.50,8.8.8.156,64,443,3090
2.891590738394347,UDP,192.168.1.76,8.8.8.200,1024,80,59990
2.934369851357523,TCP,192.168.1.120,8.8.8.229,1024,80,60067
2.937763636528084,ICMP,192.168.1.105,8.8.8.199,1024,22,9139
2.9397309850997857,HTTP,192.168.1.189,8.8.8.66,128,5222,34001
2.9409297250651916,UDP,192.168.1.154,8.8.8.133,256,3478,43333
2.946117474255217,UDP,192.168.1.209,8.8.8.99,512,3478,32582
2.9549577730896224,ICMP,192.168.1.39,8.8.8.166,256,3478,64236
2.961255818963607,TCP,192.168.1.94,8.8.8.187,128,80,8282
2.965105222731315,HTTP,192.168.1.94,8.8.8.119,512,8080,50408
2.9720460594353644,TCP,192.168.1.63,8.8.8.12,256,22,15208
2.9823177801485032,UDP,192.168.1.133,8.8.8.31,256,443,15333
2.9900824776989965,DNS,192.168.1.144,8.8.8.117,1024,443,54692
3.002492592711135,UDP,192.168.1.107,8.8.8.10,1024,5222,44214
3.005893402316658,HTTP,192.168.1.83,8.8.8.235,256,8080,54306
3.016550540122984,UDP,192.168.1.46,8.8.8.66,512,53,41831
3.0262832574418272,UDP,192.168.1.123,8.8.8.86,128,3478,44208
3.035139674729922,UDP,192.168.1.249,8.8.8.126,64,443,56325
3.04422622192507,TCP,192.168.1.31,8.8.8.58,128,5222,3504
3.0498620342699296,TCP,192.168.1.98,8.8.8.189,128,22,55792
3.0556885837532177,UDP,192.168.1.153,8.8.8.211,512,8080,37492
3.065942830733427,UDP,192.168.1.60,8.8.8.13,1500,5222,45132
3.068611214593962,ICMP,192.168.1.216,8.8.8.5,128,5222,35684
3.0722176279801046,UDP,192.168.1.80,8.8.8.198,128,22,36051
3.1176079228489324,DNS,192.168.1.212,8.8.8.146,256,80,53121
3.12770385397113,TCP,192.168.1.112,8.8.8.233,512,22,41728
3.1398971694677416,TCP,192.168.1.186,8.8.8.105,128,5222,57948
3.162564746657224,UDP,192.168.1.244,8.8.8.198,128,3478,60312
3.1658009727925656,UDP,192.168.1.17,8.8.8.86,128,5222,12511
3.189421045402965,HTTP,192.168.1.104,8.8.8.47,64,53,4790
3.189879939493259,UDP,192.168.1.139,8.8.8.145,256,5222,38432
3.1978371030027155,TCP,192.168.1.204,8.8.8.211,1024,80,15795
3.21034726918861,ICMP,192.168.1.89,8.8.8.212,1024,8080,20083
3.2365142557122315,TCP,192.168.1.28,8.8.8.193,128,80,37480
3.2503471115132374,DNS,192.168.1.183,8.8.8.11,512,5222,32127
3.2693997225077926,UDP,192.168.1.26,8.8.8.62,1024,5222,58890
3.272821068203072,HTTP,192.168.1.44,8.8.8.129,1024,8080,56378
3.274233727312727,TCP,192.168.1.202,8.8.8.123,1024,443,28513
3.2934992648060804,HTTP,192.168.1.139,8.8.8.99,64,443,22719
3.2952332487651295,UDP,192.168.1.223,8.8.8.155,256,8080,55186
3.3157775929794457,UDP,192.168.1.148,8.8.8.228,64,53,31125
3.3164603052090915,UDP,192.168.1.104,8.8.8.7,1024,53,23751
3.318319682633978,TCP,192.168.1.14,8.8.8.107,256,8080,30538
3.321529642358819,TCP,192.168.1.130,8.8.8.132,128,443,15783
3.352635250207414,TCP,192.168.1.56,8.8.8.239,1024,443,57495
3.3541259789871964,UDP,192.168.1.29,8.8.8.199,512,3478,10037
3.354990922497832,TCP,192.168.1.136,8.8.8.24,512,443,13632
3.358719181279717,HTTP,192.168.1.64,8.8.8.79,1500,443,1904
3.3592960415340203,UDP,192.168.1.193,8.8.8.154,64,3478,58047
3.3637919966887613,TCP,192.168.1.134,8.8.8.177,512,22,48246
3.3735627346904122,HTTP,192.168.1.152,8.8.8.115,64,53,11017
3.3885091684607294,UDP,192.168.1.158,8.8.8.121,256,22,2507
3.3911956386746835,TCP,192.168.1.236,8.8.8.248,512,443,10301
3.4146739523725467,TCP,192.168.1.192,8.8.8.204,256,80,11818
3.4223272520769754,ICMP,192.168.1.47,8.8.8.191,64,5222,57788
3.4281239676056936,TCP,192.168.1.27,8.8.8.196,1500,443,30065
3.446140680195851,UDP,192.168.1.244,8.8.8.165,512,8080,22542
3.458915201151843,ICMP,192.168.1.25,8.8.8.135,256,3478,65048
3.4631319252608526,UDP,192.168.1.51,8.8.8.202,1024,8080,62678
3.4674653620881997,TCP,192.168.1.71,8.8.8.173,1024,80,36722
3.479977370646169,HTTP,192.168.1.246,8.8.8.27,512,22,14401
3.4970696704945365,UDP,192.168.1.85,8.8.8.98,512,8080,22343
3.505310375545278,UDP,192.168.1.70,8.8.8.49,1024,5222,7360
3.5105080899531687,HTTP,192.168.1.31,8.8.8.22,512,5222,64688
3.5208543753431245,UDP,192.168.1.198,8.8.8.146,512,3478,56007
3.550790456314391,TCP,192.168.1.109,8.8.8.198,64,5222,57873
3.5519220543883416,TCP,192.168.1.251,8.8.8.226,64,5222,7735
3.5558471050017384,TCP,192.168.1.90,8.8.8.162,64,5222,64770
3.561559992339412,ICMP,192.168.1.150,8.8.8.24,256,443,40710
3.5697650918122297,TCP,192.168.1.63,8.8.8.27,256,443,50616
3.583565064969993,UDP,192.168.1.211,8.8.8.77,512,22,61931
3.5994437517145874,HTTP,192.168.1.227,8.8.8.147,64,443,52873
3.609208708335042,ICMP,192.168.1.173,8.8.8.88,256,443,60496
3.6554208457551014,UDP,192.168.1.58,8.8.8.53,512,8080,38416
3.6818169373908183,TCP,192.168.1.27,8.8.8.12,1024,5222,44507
3.6867608627288475,UDP,192.168.1.195,8.8.8.217,64,22,30869
3.6973781361484837,UDP,192.168.1.177,8.8.8.76,64,3478,35676
3.7257403662597244,UDP,192.168.1.145,8.8.8.109,64,80,39210
3.732545804199046,UDP,192.168.1.194,8.8.8.243,512,80,63996
3.741114859070237,UDP,192.168.1.64,8.8.8.3,512,5222,39864
3.755275034329282,TCP,192.168.1.252,8.8.8.88,1024,5222,44663
3.7727698389303965,ICMP,192.168.1.72,8.8.8.120,64,80,13191
3.7793439423875603,TCP,192.168.1.137,8.8.8.35,1024,5222,61580
3.789487137877585,TCP,192.168.1.16,8.8.8.14,128,3478,32983
3.794035865549717,UDP,192.168.1.178,8.8.8.64,512,5222,36244
3.8032886698929316,HTTP,192.168.1.190,8.8.8.75,64,443,2192
3.8167474292554617,TCP,192.168.1.39,8.8.8.159,64,3478,47591
3.827865384632724,UDP,192.168.1.90,8.8.8.30,512,8080,44155
3.8601868618450506,TCP,192.168.1.136,8.8.8.226,512,80,44148
3.8682882506186953,TCP,192.168.1.118,8.8.8.65,256,22,9851
3.8698883321341913,TCP,192.168.1.111,8.8.8.243,128,8080,4381
3.8813787286526202,TCP,192.168.1.58,8.8.8.87,1024,22,36997
3.8849363784274176,UDP,192.168.1.178,8.8.8.83,64,80,31275
3.8910582540551117,UDP,192.168.1.98,8.8.8.214,1024,8080,7810
3.8911440708098786,TCP,192.168.1.25,8.8.8.11,512,443,18010
3.9071175956896593,TCP,192.168.1.21,8.8.8.214,64,8080,54143
3.909876761945611,UDP,192.168.1.232,8.8.8.254,512,80,40966
3.910339493776088,HTTP,192.168.1.34,8.8.8.112,1024,53,21312
3.9111745187612543,TCP,192.168.1.81,8.8.8.159,256,22,63313
3.9169083848351183,DNS,192.168.1.75,8.8.8.86,128,80,28470
3.9218668768468516,UDP,192.168.1.245,8.8.8.197,1024,22,7998
3.9251990677090705,UDP,192.168.1.195,8.8.8.114,1024,3478,58548
3.9256644799083027,TCP,192.168.1.208,8.8.8.8,1500,80,42760
3.9407330770080886,TCP,192.168.1.214,8.8.8.1,256,443,13715
3.9409076156342886,DNS,192.168.1.134,8.8.8.180,512,80,44688
3.959631246068371,DNS,192.168.1.134,8.8.8.167,256,22,50403
3.9688805857377,DNS,192.168.1.123,8.8.8.237,1024,8080,19633
3.9748711615499897,ICMP,192.168.1.28,8.8.8.195,64,22,60254
3.99249744320857,TCP,192.168.1.158,8.8.8.187,128,3478,56866
4.007981963922155,TCP,192.168.1.102,8.8.8.3,256,8080,28971
4.009203315811596,DNS,192.168.1.15,8.8.8.24,256,5222,53075
4.0203519889235935,TCP,192.168.1.244,8.8.8.30,128,8080,62403
4.024870168737214,ICMP,192.168.1.49,8.8.8.175,512,3478,36619
4.059101133184863,TCP,192.168.1.153,8.8.8.2,256,22,36415
4.059441925153971,HTTP,192.168.1.134,8.8.8.45,256,5222,22877
4.059567286736168,HTTP,192.168.1.15,8.8.8.73,128,80,32345
4.064801055768757,ICMP,192.168.1.167,8.8.8.195,64,5222,42280
4.065994588552483,UDP,192.168.1.188,8.8.8.194,1024,5222,20796
4.077037135706108,ICMP,192.168.1.236,8.8.8.70,512,80,7707
4.077861164687854,TCP,192.168.1.63,8.8.8.220,256,443,44702
4.083994496710154,HTTP,192.168.1.45,8.8.8.10,512,5222,41195
4.084023279208693,TCP,192.168.1.201,8.8.8.150,1024,80,6119
4.0864068143860415,ICMP,192.168.1.205,8.8.8.78,1024,80,58979
4.087243137065409,UDP,192.168.1.168,8.8.8.188,256,22,28182
4.096630054738481,ICMP,192.168.1.140,8.8.8.85,128,53,46337
4.123039643198061,UDP,192.168.1.251,8.8.8.125,1024,5222,21726
4.1268239897084875,TCP,192.168.1.223,8.8.8.150,1024,53,10814
4.130438670115708,TCP,192.168.1.176,8.8.8.135,256,8080,4029
4.136258354841098,UDP,192.168.1.232,8.8.8.175,512,3478,16200
4.158558401642721,TCP,192.168.1.120,8.8.8.132,128,443,54104
4.162060785430631,UDP,192.168.1.149,8.8.8.104,128,8080,17848
4.189732053342014,UDP,192.168.1.152,8.8.8.206,1024,443,32420
4.202561644316181,TCP,192.168.1.12,8.8.8.80,512,22,4189
4.210009425158921,TCP,192.168.1.80,8.8.8.226,1024,80,57716
4.220119132239768,TCP,192.168.1.98,8.8.8.190,512,443,42774
4.222305734773959,UDP,192.168.1.55,8.8.8.240,512,3478,55727
4.23196643347652,ICMP,192.168.1.20,8.8.8.85,512,53,45157
4.254799122502852,TCP,192.168.1.184,8.8.8.15,256,8080,58343
4.265997288139012,HTTP,192.168.1.178,8.8.8.193,512,8080,37961
4.266006017209247,UDP,192.168.1.1,8.8.8.195,64,3478,44483
4.266911570291495,DNS,192.168.1.71,8.8.8.174,128,80,35474
4.271472680703846,ICMP,192.168.1.94,8.8.8.164,512,22,13791
4.29290180011258,HTTP,192.168.1.44,8.8.8.100,128,22,52806
4.295213243970528,HTTP,192.168.1.132,8.8.8.157,64,3478,14825
4.320436933636707,ICMP,192.168.1.144,8.8.8.187,512,443,53114
4.324954808055619,TCP,192.168.1.246,8.8.8.45,256,5222,39677
4.334236986284208,TCP,192.168.1.198,8.8.8.212,1024,80,30783
4.346562564676671,UDP,192.168.1.143,8.8.8.80,128,443,15156
4.347059578007052,UDP,192.168.1.55,8.8.8.99,128,3478,6825
4.371027421514505,UDP,192.168.1.234,8.8.8.158,256,8080,43901
4.401515216847034,UDP,192.168.1.42,8.8.8.216,64,5222,63522
4.401961723155263,ICMP,192.168.1.216,8.8.8.163,256,80,31074
4.412665684336352,TCP,192.168.1.213,8.8.8.193,1024,22,42559
4.41758133612968,TCP,192.168.1.50,8.8.8.149,512,443,40661
4.425057524361536,HTTP,192.168.1.153,8.8.8.33,128,53,64208
4.437488392681387,UDP,192.168.1.231,8.8.8.163,1024,5222,43204
4.439762295879495,ICMP,192.168.1.95,8.8.8.2,512,3478,34116
4.446895559095956,HTTP,192.168.1.189,8.8.8.128,128,8080,15631
4.447019966774522,TCP,192.168.1.225,8.8.8.8,128,3478,41833
4.464870247052757,TCP,192.168.1.4,8.8.8.196,128,80,58779
4.501815698337177,TCP,192.168.1.9,8.8.8.136,256,5222,53896
4.510642721386927,UDP,192.168.1.174,8.8.8.72,256,80,22061
4.514414050560973,UDP,192.168.1.241,8.8.8.25,128,80,65065
4.527699354861926,TCP,192.168.1.138,8.8.8.3,128,80,53490
4.533547485938021,ICMP,192.168.1.203,8.8.8.42,64,443,59944
4.548560755969116,HTTP,192.168.1.58,8.8.8.150,128,22,21790
4.553671146553546,UDP,192.168.1.85,8.8.8.155,256,8080,19807
4.58676436430336,UDP,192.168.1.237,8.8.8.230,64,443,44753
4.589158112714465,ICMP,192.168.1.136,8.8.8.169,128,5222,47711
4.621978266500738,UDP,192.168.1.213,8.8.8.97,64,53,18785
4.622762460106551,HTTP,192.168.1.25,8.8.8.96,1024,443,1258
4.626866865898121,UDP,192.168.1.132,8.8.8.94,1024,443,28392
4.67346680267958,TCP,192.168.1.147,8.8.8.223,512,5222,31184
4.692364064435816,UDP,192.168.1.42,8.8.8.249,512,3478,28835
4.692589149523137,TCP,192.168.1.144,8.8.8.67,64,22,25562
4.698059601152178,HTTP,192.168.1.170,8.8.8.56,64,80,6519
4.698551406221169,TCP,192.168.1.215,8.8.8.74,128,443,2874
4.704391666246719,UDP,192.168.1.196,8.8.8.229,128,3478,1301
4.7102675428215175,UDP,192.168.1.206,8.8.8.197,256,53,55946
4.714297442514095,ICMP,192.168.1.222,8.8.8.167,256,3478,22849
4.724678790230502,TCP,192.168.1.69,8.8.8.30,256,8080,4845
4.736849777774213,DNS,192.168.1.162,8.8.8.171,512,443,28176
4.745039420684286,UDP,192.168.1.112,8.8.8.82,128,53,29418
4.74808788986353,TCP,192.168.1.155,8.8.8.112,256,3478,30176
4.767306636714941,TCP,192.168.1.194,8.8.8.3,1024,8080,54327
4.775966284393358,TCP,192.168.1.102,8.8.8.252,512,5222,47668
4.778197559022177,HTTP,192.168.1.151,8.8.8.57,64,8080,42707
4.77943131345879,UDP,192.168.1.168,8.8.8.209,1024,53,41345
4.797904555303069,TCP,192.168.1.107,8.8.8.39,128,3478,30715
4.804827809753418,TCP,192.168.1.22,8.8.8.211,512,3478,60304
4.8285565055888755,HTTP,192.168.1.86,8.8.8.176,64,8080,39572
4.834550781676753,UDP,192.168.1.17,8.8.8.29,512,53,11373
4.842092657692601,UDP,192.168.1.157,8.8.8.139,1500,53,41269
4.849104988095615,ICMP,192.168.1.149,8.8.8.68,512,53,54471
4.858870661297354,TCP,192.168.1.238,8.8.8.189,64,5222,32562
4.859290287758522,TCP,192.168.1.26,8.8.8.168,1500,80,15260
4.860977520137868,UDP,192.168.1.127,8.8.8.188,256,443,59075
4.877084528423569,TCP,192.168.1.163,8.8.8.201,128,5222,60624
4.886638536177136,TCP,192.168.1.250,8.8.8.131,256,5222,11240
4.8975923242502475,TCP,192.168.1.210,8.8.8.56,1500,8080,8572
4.91154802748888,ICMP,192.168.1.211,8.8.8.87,256,443,54274
4.925162897206722,UDP,192.168.1.247,8.8.8.192,64,22,2630
4.926968600195812,HTTP,192.168.1.250,8.8.8.92,1024,80,20482
4.933860407333066,TCP,192.168.1.3,8.8.8.115,256,80,60203
4.960353362317109,TCP,192.168.1.128,8.8.8.137,128,80,5480
4.9619732482309,TCP,192.168.1.191,8.8.8.54,128,443,31616
4.966571040624494,UDP,192.168.1.110,8.8.8.214,1024,53,56937
4.983033430005465,UDP,192.168.1.208,8.8.8.31,256,80,30825
4.9900065648784935,TCP,192.168.1.162,8.8.8.44,512,80,64848
5.0191000559693055,TCP,192.168.1.14,8.8.8.233,64,443,53961
5.021438602151768,HTTP,192.168.1.240,8.8.8.12,128,80,23815
5.024497050862955,HTTP,192.168.1.14,8.8.8.220,64,5222,33084
5.035208707679753,UDP,192.168.1.3,8.8.8.21,512,5222,41356
5.035740887028962,UDP,192.168.1.106,8.8.8.5,64,80,53254
5.03672120117388,UDP,192.168.1.24,8.8.8.16,128,53,50813
5.045784452030653,UDP,192.168.1.245,8.8.8.95,1024,3478,63606
5.062480408864291,HTTP,192.168.1.9,8.8.8.170,128,3478,26570
5.069877765140026,DNS,192.168.1.238,8.8.8.18,256,53,47910
5.102938030644939,HTTP,192.168.1.244,8.8.8.17,64,53,34938
5.109125627326148,HTTP,192.168.1.82,8.8.8.180,1024,3478,46591
5.109432533282088,TCP,192.168.1.76,8.8.8.70,1024,8080,64768
5.112109800157747,HTTP,192.168.1.225,8.8.8.144,128,80,7515
5.113656066960692,UDP,192.168.1.168,8.8.8.58,512,22,53880
5.113693263186091,UDP,192.168.1.202,8.8.8.79,1024,53,11622
5.114856522034558,UDP,192.168.1.197,8.8.8.51,512,443,22733
5.122430442326766,UDP,192.168.1.131,8.8.8.247,64,53,19102
5.125846530460966,TCP,192.168.1.182,8.8.8.240,512,3478,43154
5.1286310762667195,TCP,192.168.1.207,8.8.8.219,256,443,6113
5.160108024781889,DNS,192.168.1.100,8.8.8.6,64,53,24121
5.1604795715511,DNS,192.168.1.187,8.8.8.30,1024,443,24767
5.18161443823923,HTTP,192.168.1.38,8.8.8.84,64,80,22322
5.188247285602243,HTTP,192.168.1.57,8.8.8.72,128,53,24516
5.194347568701075,TCP,192.168.1.215,8.8.8.124,256,80,58273
5.1951607299972045,UDP,192.168.1.33,8.8.8.248,512,80,9267
5.218615458134052,TCP,192.168.1.171,8.8.8.120,64,22,47235
5.219954897174963,HTTP,192.168.1.178,8.8.8.54,128,53,49947
5.250735441654215,HTTP,192.168.1.195,8.8.8.96,64,53,12801
5.256326743204892,TCP,192.168.1.234,8.8.8.134,64,22,35050
5.2621715584598565,TCP,192.168.1.187,8.8.8.204,256,8080,9296
5.268277057247186,UDP,192.168.1.129,8.8.8.25,1024,53,5853
5.268904297599285,TCP,192.168.1.117,8.8.8.127,256,3478,54322
5.275037417141784,UDP,192.168.1.96,8.8.8.88,512,3478,35608
5.291696930351322,UDP,192.168.1.63,8.8.8.142,256,80,11857
5.292454450887253,DNS,192.168.1.133,8.8.8.95,1024,8080,60674
5.294817067889841,HTTP,192.168.1.234,8.8.8.74,512,53,61912
5.3182241417489,TCP,192.168.1.140,8.8.8.138,128,8080,50760
5.32400867034281,TCP,192.168.1.21,8.8.8.62,256,22,59352
5.342169829641218,TCP,192.168.1.84,8.8.8.37,512,8080,25743
5.34982009042449,TCP,192.168.1.144,8.8.8.153,128,80,46914
5.350091334936536,HTTP,192.168.1.158,8.8.8.189,256,443,62875
5.350653911110669,TCP,192.168.1.30,8.8.8.150,128,53,11380
5.350754272059353,UDP,192.168.1.124,8.8.8.204,256,22,45044
5.359182884921462,HTTP,192.168.1.74,8.8.8.75,256,8080,26629
5.359737355384777,UDP,192.168.1.103,8.8.8.231,1024,443,16851
5.366163574576207,TCP,192.168.1.69,8.8.8.141,512,8080,9917
5.369191660536248,TCP,192.168.1.39,8.8.8.56,512,8080,14645
5.388604053599749,TCP,192.168.1.197,8.8.8.128,1024,80,4424
5.390093551589773,UDP,192.168.1.48,8.8.8.120,1024,53,50057
5.393312134121839,UDP,192.168.1.123,8.8.8.23,128,80,43785
5.4056465524194595,UDP,192.168.1.73,8.8.8.227,512,443,6143
5.4239790357761555,HTTP,192.168.1.239,8.8.8.254,512,3478,7023
5.439404619606433,HTTP,192.168.1.44,8.8.8.21,1500,443,60004
5.477810301414036,UDP,192.168.1.16,8.8.8.251,128,53,8016
5.481237905821492,HTTP,192.168.1.85,8.8.8.40,1024,53,3343
5.518388631104686,DNS,192.168.1.137,8.8.8.128,64,8080,26794
5.527812761836578,TCP,192.168.1.107,8.8.8.227,1024,443,45928
5.5334148546590765,HTTP,192.168.1.33,8.8.8.119,1024,8080,52328
5.541965244417761,ICMP,192.168.1.41,8.8.8.205,128,5222,2242
5.547311728417786,HTTP,192.168.1.4,8.8.8.84,64,5222,60549
5.548765899572148,TCP,192.168.1.144,8.8.8.237,128,8080,13974
5.5724640830212815,UDP,192.168.1.62,8.8.8.131,1024,3478,50968
5.576314055563963,TCP,192.168.1.73,8.8.8.29,64,8080,43612
5.582776685556098,UDP,192.168.1.112,8.8.8.217,128,3478,24948
5.597663999302955,TCP,192.168.1.170,8.8.8.197,64,8080,46721
5.623052456171383,ICMP,192.168.1.224,8.8.8.134,1024,8080,56194
5.625351988521218,TCP,192.168.1.20,8.8.8.44,512,53,38717
5.657902159069102,TCP,192.168.1.200,8.8.8.197,512,22,14594
5.667213866477792,UDP,192.168.1.82,8.8.8.87,128,443,39618
5.681307126302893,TCP,192.168.1.219,8.8.8.239,256,8080,46544
5.682324082009534,TCP,192.168.1.35,8.8.8.128,64,443,57925
5.6918185391512495,DNS,192.168.1.114,8.8.8.212,512,80,28576
5.693533476450022,UDP,192.168.1.101,8.8.8.250,64,80,45399
5.72750548842143,TCP,192.168.1.186,8.8.8.8,64,80,23463
5.731165161059772,ICMP,192.168.1.76,8.8.8.172,128,80,40424
5.759074124053363,UDP,192.168.1.64,8.8.8.167,1024,80,17534
5.762424183776542,UDP,192.168.1.62,8.8.8.190,1500,80,12528
5.7857157062176015,UDP,192.168.1.252,8.8.8.244,512,80,52244
5.788029721542052,UDP,192.168.1.225,8.8.8.210,256,53,17050
5.7949031173206915,TCP,192.168.1.15,8.8.8.66,256,22,47009
5.806994766814056,ICMP,192.168.1.85,8.8.8.72,1024,443,48899
5.816694854879774,TCP,192.168.1.35,8.8.8.35,64,22,61435
5.819195621016255,TCP,192.168.1.122,8.8.8.203,64,80,33324
5.825264717362669,ICMP,192.168.1.16,8.8.8.74,512,8080,7379
5.825684786809091,UDP,192.168.1.246,8.8.8.217,1024,22,50638
5.846493893747079,UDP,192.168.1.199,8.8.8.76,1024,80,55494
5.853627177740796,DNS,192.168.1.243,8.8.8.219,1500,443,41794
5.855098726572097,ICMP,192.168.1.178,8.8.8.208,512,3478,11689
5.861502444273358,UDP,192.168.1.63,8.8.8.205,512,53,48372
5.8653761218481035,TCP,192.168.1.140,8.8.8.141,512,80,55198
5.8721325345854956,HTTP,192.168.1.214,8.8.8.62,256,53,12816
5.886750644716773,UDP,192.168.1.16,8.8.8.32,256,80,56173
5.898702836092062,ICMP,192.168.1.16,8.8.8.171,128,3478,22214
5.899778857492213,TCP,192.168.1.208,8.8.8.168,128,80,38512
5.907677426361495,UDP,192.168.1.230,8.8.8.191,256,22,56214
5.914309284786083,UDP,192.168.1.216,8.8.8.105,512,22,48518
5.918661836898903,UDP,192.168.1.6,8.8.8.183,64,53,36365
5.960808043747616,TCP,192.168.1.96,8.8.8.206,64,8080,8087
5.987030404204101,TCP,192.168.1.38,8.8.8.190,128,3478,47002
6.000737896649686,ICMP,192.168.1.107,8.8.8.39,512,443,62810
6.007426354265067,TCP,192.168.1.153,8.8.8.65,64,53,63492
6.01492087776058,TCP,192.168.1.124,8.8.8.205,64,443,49282
6.018086780133085,TCP,192.168.1.95,8.8.8.150,64,53,63948
6.030781650730352,TCP,192.168.1.57,8.8.8.34,128,53,53745
6.047528828270461,HTTP,192.168.1.144,8.8.8.47,512,53,6182
6.047758445310938,HTTP,192.168.1.156,8.8.8.22,256,443,63669
6.059602056632287,ICMP,192.168.1.96,8.8.8.48,128,80,45812
6.0616404275191265,UDP,192.168.1.111,8.8.8.99,64,443,64506
6.062169038481505,TCP,192.168.1.214,8.8.8.139,64,5222,46433
6.071369788956875,DNS,192.168.1.6,8.8.8.7,1024,22,26097
6.074567535834654,HTTP,192.168.1.205,8.8.8.38,256,3478,55244
6.076451983606611,HTTP,192.168.1.45,8.8.8.168,1500,80,25546
6.10647595981744,ICMP,192.168.1.10,8.8.8.63,64,5222,60050
6.1074118991121455,HTTP,192.168.1.193,8.8.8.109,256,53,45011
6.117108791884704,UDP,192.168.1.155,8.8.8.217,128,53,4224
6.119020365101372,UDP,192.168.1.28,8.8.8.93,512,443,18484
6.120701841009008,TCP,192.168.1.157,8.8.8.239,1024,3478,52894
6.135164216794372,TCP,192.168.1.15,8.8.8.145,64,443,23036
6.1395744592039145,HTTP,192.168.1.165,8.8.8.179,256,53,1067
6.147889433905029,TCP,192.168.1.97,8.8.8.227,256,443,47045
6.151653061488387,UDP,192.168.1.73,8.8.8.153,64,443,64405
6.153551710458986,UDP,192.168.1.70,8.8.8.41,64,8080,65040
6.159314389623253,TCP,192.168.1.200,8.8.8.27,256,8080,21180
6.1742736879788565,TCP,192.168.1.148,8.8.8.67,512,80,18801
6.180414760169747,UDP,192.168.1.121,8.8.8.24,512,3478,26709
6.20749867067986,HTTP,192.168.1.171,8.8.8.248,256,80,57031
6.2484793021624245,ICMP,192.168.1.176,8.8.8.2,512,5222,38087
6.249298430139949,TCP,192.168.1.130,8.8.8.146,512,5222,1484
6.252351642606604,TCP,192.168.1.34,8.8.8.23,128,53,38787
6.254357156331328,TCP,192.168.1.101,8.8.8.215,1024,5222,51307
6.257167693677374,TCP,192.168.1.131,8.8.8.193,256,443,20684
6.264237498405563,UDP,192.168.1.61,8.8.8.254,512,5222,25463
6.285441313453925,UDP,192.168.1.20,8.8.8.70,1024,22,32389
6.288360366750939,TCP,192.168.1.149,8.8.8.167,512,53,41189
6.288488754243471,HTTP,192.168.1.23,8.8.8.5,64,8080,18308
6.310725815890947,UDP,192.168.1.213,8.8.8.108,512,3478,33900
6.3111202680263006,DNS,192.168.1.192,8.8.8.192,1024,8080,34015
6.33834239392432,DNS,192.168.1.46,8.8.8.12,256,53,15671
6.340656356428822,TCP,192.168.1.118,8.8.8.202,64,53,38121
6.342491244082962,TCP,192.168.1.104,8.8.8.3,256,5222,24294
6.34741256304339,TCP,192.168.1.154,8.8.8.112,512,8080,57258
6.371118947280879,HTTP,192.168.1.41,8.8.8.76,512,443,28486
6.384879309088259,TCP,192.168.1.67,8.8.8.115,64,53,15309
6.3889745504614295,UDP,192.168.1.151,8.8.8.211,64,8080,42624
6.390131015306728,UDP,192.168.1.66,8.8.8.77,1500,443,24454
6.393291325584065,HTTP,192.168.1.70,8.8.8.103,64,22,4963
6.393905011374771,HTTP,192.168.1.51,8.8.8.110,256,22,60591
6.409725103209212,ICMP,192.168.1.138,8.8.8.209,128,22,5632
6.42811773723512,TCP,192.168.1.7,8.8.8.146,256,5222,27071
6.443555699159529,HTTP,192.168.1.202,8.8.8.73,64,443,45445
6.44422470009723,TCP,192.168.1.62,8.8.8.63,256,80,49995
6.459535318708033,ICMP,192.168.1.176,8.8.8.245,256,8080,63582
6.474742515056659,UDP,192.168.1.212,8.8.8.171,128,8080,39273
6.491762221199576,DNS,192.168.1.116,8.8.8.176,256,53,8625
6.510683544980986,TCP,192.168.1.177,8.8.8.149,1500,80,46533
6.521158360934315,TCP,192.168.1.163,8.8.8.220,1500,8080,52712
6.530568248434507,TCP,192.168.1.206,8.8.8.185,512,53,50899
6.537647946085726,TCP,192.168.1.8,8.8.8.136,256,8080,7742
6.541139708340484,TCP,192.168.1.176,8.8.8.200,64,53,2864
6.5447865358580675,ICMP,192.168.1.59,8.8.8.36,256,80,56134
6.566277538848722,ICMP,192.168.1.60,8.8.8.24,1024,8080,48733
6.571510620811649,TCP,192.168.1.24,8.8.8.162,512,3478,19789
6.58296143916577,TCP,192.168.1.158,8.8.8.161,512,5222,4707
6.585909177150172,TCP,192.168.1.249,8.8.8.13,256,5222,24878
6.61362762769577,UDP,192.168.1.213,8.8.8.201,1024,443,19795
6.634809970092621,TCP,192.168.1.216,8.8.8.184,1500,3478,34742
6.63561534695562,TCP,192.168.1.251,8.8.8.3,512,3478,23205
6.64074269642329,UDP,192.168.1.43,8.8.8.205,256,53,50677
6.65091636005619,UDP,192.168.1.150,8.8.8.178,512,22,17223
6.65852563077381,HTTP,192.168.1.23,8.8.8.248,128,53,56032
6.678659051314387,UDP,192.168.1.124,8.8.8.246,128,3478,3446
6.681826577651221,TCP,192.168.1.121,8.8.8.66,512,5222,41906
6.711301336315295,TCP,192.168.1.108,8.8.8.49,512,22,49353
6.711478865655568,ICMP,192.168.1.108,8.8.8.74,256,5222,61325
6.712531531375939,HTTP,192.168.1.154,8.8.8.213,512,5222,48502
6.71394046814395,UDP,192.168.1.126,8.8.8.6,256,5222,63799
6.71681371937458,TCP,192.168.1.47,8.8.8.149,64,8080,47354
6.719030044019311,TCP,192.168.1.204,8.8.8.80,128,22,1896
6.724669965998301,ICMP,192.168.1.243,8.8.8.209,512,22,50694
6.727464750398932,UDP,192.168.1.144,8.8.8.162,128,53,6589
6.749525754740571,TCP,192.168.1.54,8.8.8.31,256,80,28711
6.770527525474914,ICMP,192.168.1.75,8.8.8.194,64,5222,62377
6.7804208696780375,TCP,192.168.1.121,8.8.8.29,128,53,25170
6.786607639569882,TCP,192.168.1.1,8.8.8.18,64,8080,1070
6.8110338859268245,TCP,192.168.1.177,8.8.8.102,128,443,20404
6.815224277836981,HTTP,192.168.1.229,8.8.8.207,512,22,5990
6.817480025844682,UDP,192.168.1.54,8.8.8.44,128,8080,12191
6.831355170764708,HTTP,192.168.1.30,8.8.8.48,256,22,23757
6.887204697941559,DNS,192.168.1.56,8.8.8.5,512,22,12784
6.94946080784791,UDP,192.168.1.252,8.8.8.212,256,80,44254
7.020481009701584,DNS,192.168.1.152,8.8.8.251,256,22,16313
7.049656547407149,UDP,192.168.1.239,8.8.8.151,512,22,2717
7.052404549689348,UDP,192.168.1.74,8.8.8.220,64,8080,10811
7.058188733937106,UDP,192.168.1.232,8.8.8.195,64,8080,53455
7.0593408631346355,UDP,192.168.1.133,8.8.8.22,128,5222,39348
7.060474189586423,HTTP,192.168.1.246,8.8.8.233,64,8080,16170
7.073542166355922,DNS,192.168.1.4,8.8.8.72,1024,53,36928
7.074551339775277,HTTP,192.168.1.230,8.8.8.204,128,3478,8479
7.078203822899669,UDP,192.168.1.49,8.8.8.120,128,443,38273
7.078835033759644,ICMP,192.168.1.243,8.8.8.55,1024,53,37363
7.08155662947893,TCP,192.168.1.178,8.8.8.133,128,22,30410
7.086665391637993,TCP,192.168.1.172,8.8.8.104,1024,80,27287
7.089255471646315,HTTP,192.168.1.195,8.8.8.154,256,443,35701
7.107436708766982,TCP,192.168.1.167,8.8.8.244,512,5222,36117
7.116152693802312,TCP,192.168.1.247,8.8.8.31,64,22,61546
7.117771925922639,HTTP,192.168.1.167,8.8.8.171,128,8080,19403
7.14442464075332,UDP,192.168.1.238,8.8.8.120,64,3478,45336
7.147651428280572,HTTP,192.168.1.188,8.8.8.238,256,22,24879
7.183958431904289,DNS,192.168.1.30,8.8.8.164,1024,53,30054
7.210744456722183,TCP,192.168.1.210,8.8.8.172,1024,80,20648
7.214443384780313,TCP,192.168.1.63,8.8.8.235,128,5222,46033
7.239209105182833,TCP,192.168.1.144,8.8.8.12,512,22,49535
7.249041261637492,TCP,192.168.1.218,8.8.8.226,64,443,42604
7.2495170199407415,TCP,192.168.1.212,8.8.8.146,64,80,58428
7.25146734185438,TCP,192.168.1.24,8.8.8.49,256,443,42790
7.256145538792734,UDP,192.168.1.98,8.8.8.232,1024,5222,52192
7.2578311612915485,UDP,192.168.1.207,8.8.8.71,128,443,14324
7.2674697611597,TCP,192.168.1.139,8.8.8.162,128,443,47886
7.281722455806538,ICMP,192.168.1.182,8.8.8.130,128,443,48084
7.322957802731045,HTTP,192.168.1.6,8.8.8.211,64,8080,44467
7.331322638907585,HTTP,192.168.1.64,8.8.8.94,256,3478,46204
7.339349469204375,TCP,192.168.1.202,8.8.8.197,1024,80,41925
7.342098453878335,TCP,192.168.1.73,8.8.8.56,128,22,50464
7.354575005121269,ICMP,192.168.1.225,8.8.8.27,64,5222,19962
7.360956980260397,UDP,192.168.1.152,8.8.8.7,512,443,11915
7.366368424518019,DNS,192.168.1.14,8.8.8.59,512,443,56973
7.368674409507321,TCP,192.168.1.11,8.8.8.13,1024,80,26368
7.373668287916254,UDP,192.168.1.74,8.8.8.67,128,3478,48683
7.379974385426887,UDP,192.168.1.120,8.8.8.190,1024,5222,38758
7.398618729664663,ICMP,192.168.1.234,8.8.8.76,512,3478,10274
7.404753099042871,UDP,192.168.1.26,8.8.8.151,128,443,52466
7.410875817344302,TCP,192.168.1.8,8.8.8.130,512,22,48034
7.412151046914957,DNS,192.168.1.30,8.8.8.209,1500,80,10495
7.419758876947002,UDP,192.168.1.137,8.8.8.98,1024,8080,13280
7.427464669013867,UDP,192.168.1.176,8.8.8.249,256,22,25276
7.440461022018604,UDP,192.168.1.47,8.8.8.27,64,3478,20488
7.441751986308999,TCP,192.168.1.185,8.8.8.60,64,443,25437
7.445592586468236,HTTP,192.168.1.158,8.8.8.61,256,3478,36747
7.446941137043895,HTTP,192.168.1.177,8.8.8.215,64,80,30980
7.475502373140588,UDP,192.168.1.27,8.8.8.15,256,443,64140
7.506930676217503,TCP,192.168.1.72,8.8.8.2,1024,53,8350
7.513806140839907,HTTP,192.168.1.181,8.8.8.51,64,80,24871
7.52666104354421,TCP,192.168.1.207,8.8.8.193,256,80,62937
7.534112451410512,HTTP,192.168.1.206,8.8.8.127,64,80,34823
7.5364422430303675,DNS,192.168.1.109,8.8.8.14,512,80,52217
7.5421276635093655,TCP,192.168.1.120,8.8.8.217,512,3478,25782
7.5662828368123165,UDP,192.168.1.2,8.8.8.32,128,80,11997
7.566800334197831,TCP,192.168.1.198,8.8.8.228,128,5222,26244
7.5681074803002115,HTTP,192.168.1.30,8.8.8.34,1024,53,43157
7.569230566245319,TCP,192.168.1.15,8.8.8.136,1024,443,30069
7.579740215776864,DNS,192.168.1.163,8.8.8.102,64,22,14367
7.587572623088,UDP,192.168.1.76,8.8.8.12,256,443,15079
7.59952380974575,UDP,192.168.1.17,8.8.8.181,256,22,36569
7.601696629542649,HTTP,192.168.1.237,8.8.8.37,256,8080,50814
7.603104178498165,ICMP,192.168.1.200,8.8.8.188,64,5222,51891
7.627052103249426,UDP,192.168.1.149,8.8.8.74,128,8080,39203
7.637434163421138,TCP,192.168.1.146,8.8.8.171,256,53,5446
7.652223424638503,UDP,192.168.1.85,8.8.8.243,128,22,65088
7.664325361302971,UDP,192.168.1.246,8.8.8.171,256,443,32809
7.677266667488291,UDP,192.168.1.244,8.8.8.42,1024,8080,5996
7.685226314873145,HTTP,192.168.1.230,8.8.8.169,64,5222,29566
7.687422981008045,TCP,192.168.1.181,8.8.8.247,512,22,42226
7.688730530286507,TCP,192.168.1.254,8.8.8.159,256,8080,23249
7.711520548005615,DNS,192.168.1.248,8.8.8.210,64,3478,14989
7.728201166199873,UDP,192.168.1.154,8.8.8.195,256,22,41434
7.744626917833616,UDP,192.168.1.220,8.8.8.247,64,8080,45049
7.760031966035207,ICMP,192.168.1.134,8.8.8.8,64,8080,22392
7.778193087576,HTTP,192.168.1.114,8.8.8.205,256,53,57323
7.796762946213367,UDP,192.168.1.200,8.8.8.170,64,22,14978
7.797488493750083,TCP,192.168.1.96,8.8.8.168,64,80,52773
7.8143149718796865,ICMP,192.168.1.16,8.8.8.131,512,3478,65295
7.814899878297292,TCP,192.168.1.75,8.8.8.135,512,22,13873
7.815011026585969,TCP,192.168.1.103,8.8.8.236,128,53,50603
7.816932936181462,TCP,192.168.1.77,8.8.8.243,64,80,5663
7.851306844224696,ICMP,192.168.1.252,8.8.8.69,512,5222,50291
7.853265749030477,TCP,192.168.1.205,8.8.8.181,512,80,3051
7.865754067814694,TCP,192.168.1.82,8.8.8.33,512,443,55491
7.865802318553252,ICMP,192.168.1.24,8.8.8.143,1024,53,43438
7.9047285623898675,TCP,192.168.1.170,8.8.8.207,512,22,29775
7.9164623138950585,ICMP,192.168.1.174,8.8.8.64,128,8080,54712
7.921898006424039,DNS,192.168.1.66,8.8.8.84,512,22,64692
7.960422856774557,UDP,192.168.1.121,8.8.8.252,256,5222,60752
7.962944915942841,TCP,192.168.1.146,8.8.8.215,256,80,17593
7.963661248151204,UDP,192.168.1.19,8.8.8.231,64,3478,54982
7.964348252039923,TCP,192.168.1.45,8.8.8.50,1024,5222,55611
7.974248199168617,UDP,192.168.1.169,8.8.8.89,128,443,54940
8.003955980993217,HTTP,192.168.1.182,8.8.8.217,256,5222,16550
8.02738287711877,HTTP,192.168.1.37,8.8.8.15,1024,3478,17455
8.058303890204295,TCP,192.168.1.89,8.8.8.203,64,53,38861
8.06046731955118,TCP,192.168.1.209,8.8.8.23,1024,3478,4305
8.094061727350768,TCP,192.168.1.38,8.8.8.244,64,80,37757
8.095236578747832,UDP,192.168.1.186,8.8.8.96,256,443,59661
8.118235479322493,UDP,192.168.1.58,8.8.8.182,128,443,60707
8.124671005829233,UDP,192.168.1.163,8.8.8.30,128,22,34067
8.136255752411675,HTTP,192.168.1.214,8.8.8.8,64,8080,33439
8.158867255278972,HTTP,192.168.1.241,8.8.8.103,64,53,57997
8.175707667403302,UDP,192.168.1.215,8.8.8.77,1500,80,18333
8.214132699752831,ICMP,192.168.1.176,8.8.8.70,1024,5222,28126
8.233459959690133,TCP,192.168.1.125,8.8.8.141,512,3478,65410
8.252803905978068,HTTP,192.168.1.142,8.8.8.180,256,22,47409
8.257925012684028,HTTP,192.168.1.95,8.8.8.58,256,53,26746
8.26627825318934,TCP,192.168.1.153,8.8.8.33,64,22,15524
8.273780625205006,ICMP,192.168.1.238,8.8.8.126,128,3478,1413
8.275141152429885,ICMP,192.168.1.94,8.8.8.58,512,443,41725
8.277769950269343,UDP,192.168.1.65,8.8.8.198,512,53,3639
8.278288812257392,HTTP,192.168.1.44,8.8.8.225,128,3478,46420
8.281111657773563,TCP,192.168.1.85,8.8.8.82,256,5222,43889
8.289863772929923,ICMP,192.168.1.246,8.8.8.144,128,53,10514
8.306737461127693,ICMP,192.168.1.65,8.8.8.128,128,8080,40399
8.30953892756207,UDP,192.168.1.145,8.8.8.61,128,5222,38889
8.319634053432857,UDP,192.168.1.151,8.8.8.66,256,5222,25936
8.324807879189768,TCP,192.168.1.45,8.8.8.113,64,22,64220
8.352103860428159,HTTP,192.168.1.238,8.8.8.87,1024,53,36518
8.364301121212538,UDP,192.168.1.18,8.8.8.119,512,443,30554
8.372798525577746,UDP,192.168.1.44,8.8.8.163,512,5222,59921
8.386740672677336,UDP,192.168.1.159,8.8.8.188,128,8080,42957
8.406785399089706,UDP,192.168.1.81,8.8.8.122,64,53,49750
8.413193457385931,TCP,192.168.1.45,8.8.8.41,64,3478,11660
8.428778404559235,UDP,192.168.1.55,8.8.8.235,128,22,61700
8.429371693021192,TCP,192.168.1.45,8.8.8.102,64,8080,28099
8.451321974917947,TCP,192.168.1.101,8.8.8.20,512,5222,55624
8.456869887604292,ICMP,192.168.1.202,8.8.8.10,512,22,24386
8.464848089738828,UDP,192.168.1.124,8.8.8.210,128,22,30368
8.474803720001622,TCP,192.168.1.105,8.8.8.237,512,80,60109
8.475108942993028,TCP,192.168.1.45,8.8.8.114,256,443,12717
8.481067576412686,ICMP,192.168.1.180,8.8.8.144,128,8080,4395
8.495310486365423,TCP,192.168.1.96,8.8.8.127,512,53,49685
8.496722518888737,TCP,192.168.1.26,8.8.8.164,128,443,6677
8.499317804640226,HTTP,192.168.1.150,8.8.8.26,64,3478,15703
8.507387146892146,TCP,192.168.1.197,8.8.8.9,64,8080,41397
8.51082135557215,ICMP,192.168.1.82,8.8.8.162,64,8080,3140
8.514733514268697,UDP,192.168.1.92,8.8.8.112,128,53,14806
8.544224569609261,DNS,192.168.1.137,8.8.8.243,1024,8080,5825
8.545699418162144,UDP,192.168.1.146,8.8.8.253,256,443,52686
8.548333524123914,HTTP,192.168.1.127,8.8.8.95,256,8080,33701
8.550855698211326,TCP,192.168.1.131,8.8.8.226,1024,443,26189
8.561638182934532,HTTP,192.168.1.64,8.8.8.204,256,443,57813
8.56166170294773,UDP,192.168.1.201,8.8.8.168,256,53,13826
8.574112136055907,UDP,192.168.1.44,8.8.8.139,1024,443,61586
8.574288783022192,HTTP,192.168.1.228,8.8.8.15,256,8080,4560
8.601610871834367,TCP,192.168.1.163,8.8.8.100,1024,443,29847
8.609154633791846,UDP,192.168.1.183,8.8.8.142,128,53,28701
8.612268128569712,TCP,192.168.1.115,8.8.8.146,1500,22,2531
8.627703571632493,UDP,192.168.1.112,8.8.8.42,1500,8080,20725
8.645066803522411,TCP,192.168.1.29,8.8.8.159,1024,8080,24967
8.653402995333495,HTTP,192.168.1.187,8.8.8.76,64,22,2033
8.659268717064139,ICMP,192.168.1.76,8.8.8.42,256,80,64479
8.662192977117437,TCP,192.168.1.158,8.8.8.212,128,22,33845
8.666548850236444,ICMP,192.168.1.119,8.8.8.179,256,80,59711
8.6672800064349,TCP,192.168.1.105,8.8.8.64,512,3478,43100
8.6679641607295,UDP,192.168.1.89,8.8.8.145,1024,8080,62845
8.678263186303607,TCP,192.168.1.208,8.8.8.183,512,53,8965
8.684882879553122,UDP,192.168.1.94,8.8.8.131,128,80,24865
8.700348794598794,TCP,192.168.1.148,8.8.8.160,64,53,9477
8.70800286416741,UDP,192.168.1.190,8.8.8.51,512,80,63001
8.717693545556097,UDP,192.168.1.251,8.8.8.65,128,8080,20704
8.723597565281032,UDP,192.168.1.38,8.8.8.123,256,53,34114
8.731722232743978,UDP,192.168.1.222,8.8.8.88,128,443,5819
8.738741620509575,TCP,192.168.1.97,8.8.8.79,256,8080,6021
8.75216679804569,UDP,192.168.1.100,8.8.8.79,256,3478,47222
8.76433435810797,UDP,192.168.1.217,8.8.8.100,512,22,44030
8.776671599367772,TCP,192.168.1.35,8.8.8.147,256,3478,13586
8.786930670518611,UDP,192.168.1.110,8.8.8.73,256,8080,17137
8.795673877962548,HTTP,192.168.1.246,8.8.8.7,128,80,24353
8.796563689692261,HTTP,192.168.1.129,8.8.8.145,512,22,57213
8.805614943048049,ICMP,192.168.1.65,8.8.8.63,256,80,30076
8.808511968576026,TCP,192.168.1.241,8.8.8.136,512,5222,33132
8.816059697859304,HTTP,192.168.1.47,8.8.8.206,64,80,51084
8.821912642935018,TCP,192.168.1.194,8.8.8.148,128,53,7574
8.828900291881366,UDP,192.168.1.115,8.8.8.237,64,8080,1228
8.840913019075657,UDP,192.168.1.231,8.8.8.123,256,3478,9746
8.852805782278677,TCP,192.168.1.147,8.8.8.180,512,443,4412
8.857494961747692,HTTP,192.168.1.131,8.8.8.189,256,53,26419
8.872725930036006,UDP,192.168.1.251,8.8.8.35,128,5222,38302
8.87573815569272,UDP,192.168.1.108,8.8.8.187,1024,3478,2583
8.87648982802879,HTTP,192.168.1.1,8.8.8.162,1024,5222,44483
8.892687037390687,TCP,192.168.1.122,8.8.8.52,512,22,24227
8.901633600609557,TCP,192.168.1.154,8.8.8.3,1024,22,13169
8.90215036852161,TCP,192.168.1.238,8.8.8.227,128,22,64619
8.921127847081035,HTTP,192.168.1.43,8.8.8.49,512,80,13139
8.932415212047811,UDP,192.168.1.223,8.8.8.148,512,80,58785
8.940460502849653,UDP,192.168.1.75,8.8.8.139,256,53,46857
8.947578645044132,UDP,192.168.1.101,8.8.8.120,512,22,54779
8.978904548717066,UDP,192.168.1.7,8.8.8.3,1024,22,21375
8.989992374772699,UDP,192.168.1.179,8.8.8.17,1024,3478,34002
9.004655538664403,UDP,192.168.1.195,8.8.8.202,128,5222,21847
9.027004021002101,DNS,192.168.1.201,8.8.8.88,512,8080,13118
9.028413199927357,TCP,192.168.1.68,8.8.8.103,1500,80,9199
9.029313920681913,TCP,192.168.1.207,8.8.8.120,64,3478,59860
9.037238685204397,ICMP,192.168.1.109,8.8.8.201,1024,3478,63673
9.046070772450332,ICMP,192.168.1.250,8.8.8.132,64,3478,3812
9.064967888577323,TCP,192.168.1.20,8.8.8.68,1024,3478,31407
9.076511345314339,DNS,192.168.1.94,8.8.8.19,512,3478,12168
9.087730610328306,TCP,192.168.1.207,8.8.8.35,256,22,53404
9.097637332969558,TCP,192.168.1.120,8.8.8.120,64,5222,20401
9.09842178545668,HTTP,192.168.1.54,8.8.8.63,1024,22,26905
9.10229980034785,DNS,192.168.1.154,8.8.8.103,512,53,12133
9.102995593338077,DNS,192.168.1.2,8.8.8.53,128,8080,57388
9.10485955933196,UDP,192.168.1.5,8.8.8.154,64,8080,48581
9.110014434710342,TCP,192.168.1.123,8.8.8.197,512,22,41300
9.119110228201633,TCP,192.168.1.230,8.8.8.124,128,80,55293
9.121197283757983,UDP,192.168.1.124,8.8.8.249,64,22,8736
9.128731430024505,UDP,192.168.1.94,8.8.8.182,512,22,60714
9.1312896343359,UDP,192.168.1.137,8.8.8.169,512,3478,48680
9.143028787212884,UDP,192.168.1.191,8.8.8.33,512,3478,19707
9.145725274179647,TCP,192.168.1.131,8.8.8.61,256,5222,64549
9.164343551031003,HTTP,192.168.1.129,8.8.8.18,1024,80,3395
9.174451727487067,UDP,192.168.1.201,8.8.8.155,512,80,7736
9.175920327062416,UDP,192.168.1.43,8.8.8.171,1500,5222,17172
9.19241706007632,DNS,192.168.1.122,8.8.8.205,64,443,42033
9.229031622171846,TCP,192.168.1.64,8.8.8.149,256,80,7245
9.229585925440551,TCP,192.168.1.94,8.8.8.249,64,53,53134
9.242198509861161,UDP,192.168.1.196,8.8.8.237,64,53,45636
9.252291728464161,ICMP,192.168.1.4,8.8.8.128,64,3478,25817
9.253438238414255,ICMP,192.168.1.163,8.8.8.114,1024,443,3719
9.256154564038074,UDP,192.168.1.21,8.8.8.60,1024,5222,25465
9.26653254702729,UDP,192.168.1.60,8.8.8.63,256,8080,20742
9.276302871359357,ICMP,192.168.1.151,8.8.8.121,256,3478,45242
9.29777944774277,UDP,192.168.1.122,8.8.8.247,256,22,14201
9.316512149626542,UDP,192.168.1.229,8.8.8.69,128,80,46797
9.320802778303088,UDP,192.168.1.179,8.8.8.168,128,22,21828
9.323068816793397,HTTP,192.168.1.190,8.8.8.208,512,80,49700
9.334513751177534,ICMP,192.168.1.246,8.8.8.93,64,8080,24292
9.338105071481838,UDP,192.168.1.151,8.8.8.220,256,53,55395
9.349213815285843,UDP,192.168.1.80,8.8.8.5,1500,443,28009
9.355615972065399,HTTP,192.168.1.184,8.8.8.238,1024,8080,51724
9.359918763241094,TCP,192.168.1.221,8.8.8.114,256,8080,36385
9.360312937225165,UDP,192.168.1.42,8.8.8.180,1024,80,45161
9.369146461642337,UDP,192.168.1.37,8.8.8.8,128,80,7701
9.370732561875322,TCP,192.168.1.31,8.8.8.184,256,80,27965
9.37115233935767,UDP,192.168.1.57,8.8.8.115,64,22,35927
9.391777046149848,HTTP,192.168.1.198,8.8.8.234,128,8080,35481
9.39319281461655,TCP,192.168.1.54,8.8.8.98,128,53,16981
9.400902378373942,TCP,192.168.1.119,8.8.8.152,512,53,25916
9.412597753780581,TCP,192.168.1.199,8.8.8.79,128,5222,51902
9.429220294393025,UDP,192.168.1.22,8.8.8.108,512,5222,17113
9.444656051376784,UDP,192.168.1.166,8.8.8.75,1024,443,60501
9.446346889612133,UDP,192.168.1.238,8.8.8.21,512,3478,54972
9.446437936511936,TCP,192.168.1.159,8.8.8.183,128,80,53777
9.454351533508307,ICMP,192.168.1.211,8.8.8.29,1500,80,50513
9.458003109386974,TCP,192.168.1.110,8.8.8.230,64,3478,62903
9.463365660040841,DNS,192.168.1.20,8.8.8.232,128,5222,57325
9.479046390157174,UDP,192.168.1.100,8.8.8.188,256,8080,22870
9.479214824886302,UDP,192.168.1.62,8.8.8.139,256,53,56424
9.509630430173589,TCP,192.168.1.80,8.8.8.158,128,8080,9354
9.513316838175657,HTTP,192.168.1.252,8.8.8.200,128,53,60412
9.516388667913024,TCP,192.168.1.38,8.8.8.40,1500,3478,3518
9.524746460313882,TCP,192.168.1.193,8.8.8.105,1024,5222,51477
9.544814814363033,ICMP,192.168.1.43,8.8.8.39,256,80,52640
9.548215413678802,UDP,192.168.1.19,8.8.8.7,512,5222,40131
9.54937596263764,TCP,192.168.1.7,8.8.8.250,64,8080,35485
9.55883746602647,UDP,192.168.1.134,8.8.8.121,512,5222,38937
9.572959919970353,TCP,192.168.1.197,8.8.8.158,256,80,61679
9.573174583563805,UDP,192.168.1.37,8.8.8.135,512,443,31038
9.578400925200523,HTTP,192.168.1.56,8.8.8.254,512,8080,38567
9.602445274372108,TCP,192.168.1.216,8.8.8.55,512,443,59493
9.60794571932867,UDP,192.168.1.33,8.8.8.116,512,53,57364
9.618940699854234,HTTP,192.168.1.136,8.8.8.217,256,53,21713
9.619245535282738,TCP,192.168.1.246,8.8.8.18,512,5222,5511
9.621370626742497,UDP,192.168.1.126,8.8.8.242,1024,53,6043
9.634866717950171,UDP,192.168.1.215,8.8.8.5,1500,443,10248
9.651971755558515,UDP,192.168.1.39,8.8.8.51,256,8080,21960
9.66416810032653,HTTP,192.168.1.93,8.8.8.55,512,53,43266
9.665213649448294,HTTP,192.168.1.111,8.8.8.60,512,3478,37328
9.668644989480132,TCP,192.168.1.197,8.8.8.203,64,443,14494
9.680762698223221,HTTP,192.168.1.48,8.8.8.23,1024,443,19436
9.686788674366673,UDP,192.168.1.253,8.8.8.246,256,8080,55835
9.698659340407028,TCP,192.168.1.194,8.8.8.228,512,22,52968
9.702838129384023,TCP,192.168.1.117,8.8.8.172,64,443,15542
9.728333625018854,TCP,192.168.1.113,8.8.8.157,1024,80,60331
9.732872639116351,UDP,192.168.1.7,8.8.8.154,64,8080,48412
9.738382788037221,TCP,192.168.1.104,8.8.8.246,256,8080,51378
9.762821195051746,UDP,192.168.1.192,8.8.8.47,64,80,17864
9.764128908551095,TCP,192.168.1.92,8.8.8.164,64,443,42690
9.789851553455373,ICMP,192.168.1.87,8.8.8.239,64,3478,22415
9.817845747316307,UDP,192.168.1.175,8.8.8.192,64,8080,65130
9.819647711924823,TCP,192.168.1.123,8.8.8.168,128,80,62939
9.820519144577469,HTTP,192.168.1.64,8.8.8.174,128,5222,27922
9.821467685259329,UDP,192.168.1.41,8.8.8.93,512,8080,15803
9.83233611088685,TCP,192.168.1.118,8.8.8.216,1024,5222,30355
9.835757436907869,HTTP,192.168.1.224,8.8.8.97,128,8080,15164
9.837329906089904,TCP,192.168.1.26,8.8.8.219,256,5222,47931
9.854715488745862,TCP,192.168.1.90,8.8.8.99,512,3478,9251
9.857260481696926,UDP,192.168.1.100,8.8.8.62,64,3478,25337
9.872183708826793,TCP,192.168.1.5,8.8.8.240,128,3478,35477
9.88232314412764,HTTP,192.168.1.239,8.8.8.77,128,443,21445
9.886397672258633,HTTP,192.168.1.187,8.8.8.107,64,3478,24339
9.889989365420211,UDP,192.168.1.85,8.8.8.36,128,22,39519
9.911862163050536,UDP,192.168.1.170,8.8.8.52,256,80,41066
9.912635391688095,TCP,192.168.1.2,8.8.8.213,128,22,19254
9.917959685868048,HTTP,192.168.1.148,8.8.8.209,1024,22,17283
9.919983448031857,HTTP,192.168.1.54,8.8.8.188,1024,443,26151
9.939232847921488,UDP,192.168.1.176,8.8.8.162,64,8080,41767
9.939622206113961,UDP,192.168.1.10,8.8.8.227,256,443,36736
9.953834160964513,TCP,192.168.1.190,8.8.8.242,64,53,26771
9.956562571506677,UDP,192.168.1.210,8.8.8.111,1500,53,58800
9.964332618218906,TCP,192.168.1.134,8.8.8.154,256,8080,40205
9.967961870846603,UDP,192.168.1.53,8.8.8.146,128,80,33308
9.971237137553597,TCP,192.168.1.164,8.8.8.144,1500,22,18374
9.9787717063977,TCP,192.168.1.57,8.8.8.233,128,5222,57404
9.979802869031237,UDP,192.168.1.7,8.8.8.21,64,80,26194
9.99649485869052,UDP,192.168.1.173,8.8.8.111,1024,8080,32923
9.998903761475102,DNS,192.168.1.188,8.8.8.69,256,80,7712
9.999328644901613,TCP,192.168.1.225,8.8.8.80,512,443,5805
10.019047321970206,ICMP,192.168.1.126,8.8.8.13,128,3478,3927
10.019315914040499,TCP,192.168.1.94,8.8.8.172,256,8080,19231
10.053775141717264,ICMP,192.168.1.64,8.8.8.216,256,5222,62758
10.073855948720388,TCP,192.168.1.220,8.8.8.123,1024,53,25494
10.119510847396466,ICMP,192.168.1.239,8.8.8.87,512,80,6935
10.134857746509377,UDP,192.168.1.62,8.8.8.65,1500,8080,18866
